Désignation,N°,Code catégorie,Page scolaire
"['sacoche', 'dessin', '26x33cm']",54568,2200240,770
"['sacoche', 'dessin', '32x45cm']",37721,2200240,770
"['sacoche', 'dessin', '37x52cm']",10908,2200240,770
"['bloc', '40page', 'papier', 'dessin', 'blanc', '120g', '21x29,7cm', 'a4']",15972,2200230,772
"['bloc', '40page', 'papier', 'dessin', 'blanc', '160g', '24x32cm']",15971,2200230,772
"['pochette', '12feuille', 'papier', 'dessin', 'blanc', '180g', '21x29,7cm', 'a4']",43001,2200230,772
"['pochette', '12feuille', 'papier', 'dessin', 'blanc', '180g', '24x32cm']",43002,2200230,772
"['pochette', '10feuille', 'papier', 'dessin', '29,7x42cm', '180g', 'a3']",43003,2200230,772
"['pochette', '12feuille', 'dessin', '224g', '24x32cm']",43004,2200230,772
"['pochette', '12feuille', 'papier', 'cansonanson', '180g', '21x29,7cm', 'a4']",15977,2200230,772
"['pochette', '12feuille', 'papier', 'cansonanson', '180g', '24x32cm']",15974,2200230,772
"['pochette', '12feuille', 'papier', 'cansonanson', '224g', '24x32cm']",15981,2200230,772
"['pochette', '12feuille', 'papier', 'dessin', '160g', 'couleur', '24x32cm', 'teinte', 'vive']",43011,2200234,777
"['pochette', '12feuille', 'papier', 'dessin', '24x32cm', '160g', 'teinte', 'pastel']",43012,2200234,777
"['pochette', '12feuille', 'papier', 'dessin', '24x32cm', '160g', 'noir']",43013,2200234,777
"['pochette', '12feuille', 'papier', 'calque', '21x29,7cm']",43007,1902026,781
"['bloc', '50feuille', 'papier', 'calque', 'uni', '21x29,7cm', 'a4']",43010,1902026,781
"['paquet', '10feuille', 'calque', '24x32cm']",22744,1902026,781
"['pochette', '12feuille', 'papier', 'millimetre']",43005,1902024,781
"['boite', '12', 'pastel', 'sec']",82659,2201224,788
"['boite', '12', 'pastel', 'huile']",42776,2201224,789
"['boite', '12', 'stick', 'gouache']",28236,2201602,790
"['boite', '16', 'craie', 'cire']",42830,2201222,791
"['boite', '12', 'crayon', 'couleur', 'majuscule']",20294,2201202,797
"['pochette', '24', 'crayon', 'couleur', 'majuscule']",4431,2201202,797
"['pochette', '12', 'crayon', 'couleur', 'giotto', 'color', '30']",16784,2201202,797
"['etui', '12', 'crayon', 'couleur', 'evolution']",11688,2201202,798
"['etui', '18', 'crayon', 'couleur', 'evolution']",11687,2201202,798
"['etui', '12', 'crayon', 'couleur', 'effacable', 'evolution', 'illusion']",4441,2201202,798
"['pochette', '12', 'crayon', 'couleur', 'triangulaire']",25823,2201206,799
"['etui', '12', 'crayon', 'couleur', 'nori', 'colour', '185']",27419,2201202,799
"['etui', '12', 'crayon', 'couleur', 'stilnovo']",30420,2201202,801
"['pochette', '12', 'crayon', 'couleur', 'triangulaire', 'schoo', 'pep']",1676,2201206,801
"['pochette', '12', 'crayon', 'couleur', 'ferby', 'triangulaire']",51162,2201206,795
"['etui', '12', 'crayon', 'couleur', 'evolution', 'triangulaire']",51138,2201206,796
"['pochette', '12', 'crayon', 'couleur', 'triangulaire', 'pointe', 'large']",25826,2201206,796
"['etui', '12', 'crayon', 'couleu', 'aquarellable', 'nori', 'club']",72536,2201208,799
"['etui', '12', 'crayon', 'couleur', 'gro', 'module', 'triple', 'one', 'lyra']",76627,2201208,794
"['etui', '12', 'crayon', 'couleur', 'aquarellable', 'stilnovo', 'giotto']",30434,2201208,801
"['etui', '12', 'crayon', 'couleur', 'gro', 'module', 'giotto', 'mega']",24885,2201204,795
"['pochette', '12', 'crayon', 'couleur', 'gro', 'module', 'school', 'pep', 'maxi']",20291,2201204,795
"['pochette', '12', 'feutre', 'pointe', 'fine', 'majuscule']",20230,2201402,803
"['pochette', '12', 'feutre', 'visa', '880', 'pointe', 'fine']",19855,2201402,804
"['pochette', '18', 'feutre', 'visa', '880', 'pointe', 'fine']",19851,2201402,804
"['pochette', '12', 'feutre', 'stabilo', 'trio', 'a-z', 'pointe', 'fine']",65320,2201412,805
"['pochette', '12', 'feutre', 'pointe', 'moyenne', 'majuscule']",42581,2201404,807
"['etui', '12', 'feutre', 'giotto', 'turbo', 'advanced', 'pointe', 'moyenne']",24911,2201404,806
"['pochette', '12', 'feutre', 'power', 'pointe', 'moyenne']",65374,2201404,806
"['etui', '12', 'feutre', 'kid', 'couleur', 'pointe', 'moyenne']",68705,2201404,806
"['pochette', '12', 'feutre', 'school', 'pep']",36400,2201406,807
"['etui', '12', 'feutre', 'pointe', 'moyenne', 'turbo', 'color']",72539,2201404,808
"['pochette', '12', 'feutre', 'pointe', 'large', 'majuscule']",42580,2201406,809
"['etui', '12', 'feutre', 'kid', 'couleur', 'xl', 'pointe', 'extra', 'large']",68707,2201406,809
"['pochette', '12', 'visacolor', 'xl', 'pointe', 'extra', 'large']",19854,2201406,810
"['etui', '12', 'feutre', 'turbo', 'maxi']",72540,2201406,811
"['gobelet', '12', 'feutre', 'coloriage', 'triangulaire', 'majuscule']",54138,2201412,813
"['5', 'tube', '10ml', 'gouache', 'majuscule', 'couleur', 'primaire']",16349,2201602,838
"['10', 'tube', '10ml', 'gouache', 'majuscule', 'couleur', 'assortie']",16348,2201602,838
"['10', 'tube', '10', 'ml', 'gouache', 'couleur', 'assortie']",60372,2201602,838
"['5', 'tube', '250', 'ml', 'gouache', 'concentree', 'assorti']",22377,2201602,838
"['boite', '12', 'pastille', 'gouache', 'couleur', 'assortie']",33623,2201626,838
"['boite', '12', 'godet', 'aquarelle']",37789,2201626,838
"['blouse', 'taille', '0']",00BL0,1606002,HC
"['blouse', 'taille', '1']",00BL1,1606002,HC
"['blouse', 'taille', '2']",00BL2,1606002,HC
"['blouse', 'taille', '3']",00BL3,1606002,HC
"['blouse', 'taille', '4']",00BL4,1606002,HC
"['palette', 'rectangulaire']",30176,2201872,860
"['palette', 'ovale']",16719,2201872,860
"['godet', 'anti-verse', '125', 'ml']",83236U10,2201872,861
"['pinceau', 'poney', 'n', '2']",22571U10,2201804,869
"['pinceau', 'poney', 'n', '4']",22572U10,2201804,869
"['pinceau', 'poney', 'n', '6']",22573U10,2201804,869
"['pinceau', 'poney', 'n', '8']",22574U10,2201804,869
"['pinceau', 'poney', 'n', '10']",22575U10,2201804,869
"['pinceau', 'poney', 'n', '12']",22576U10,2201804,869
"['pinceau', 'poney', 'n', '14']",22577U10,2201804,869
"['pinceau', 'poney', 'n', '16']",22578U10,2201804,869
"['pinceau', 'poney', 'n', '18']",22579U10,2201804,869
"['pinceau', 'poney', 'n', '20']",22580U10,2201804,869
"['pinceau', 'poney', 'n', '22']",22581U10,2201804,869
"['brosse', 'plate', 'soie', 'ndeg2']",24147U10,2201814,869
"['brosse', 'plate', 'soie', 'ndeg4']",24148U10,2201814,869
"['brosse', 'plate', 'soie', 'ndeg6']",24149U10,2201814,869
"['brosse', 'plate', 'soie', 'ndeg8']",24150U10,2201814,869
"['brosse', 'plate', 'soie', 'ndeg10']",24151U10,2201814,869
"['brosse', 'plate', 'soie', 'ndeg12']",24152U10,2201814,869
"['brosse', 'plate', 'soie', 'ndeg14']",24153U10,2201814,869
"['brosse', 'plate', 'soie', 'ndeg16']",24154U10,2201814,869
"['brosse', 'plate', 'soie', 'ndeg18']",24155U10,2201814,869
"['brosse', 'plate', 'soie', 'ndeg20']",24156U10,2201814,869
"['brosse', 'plate', 'soie', 'ndeg22']",24157U10,2201814,869
"['brosse', 'rond', 'e', 'soie', 'ndeg6']",24158U10,2201814,869
"['brosse', 'rond', 'e', 'soie', 'ndeg8']",24159U10,2201814,869
"['brosse', 'rond', 'e', 'soie', 'ndeg10']",24160U10,2201814,869
"['brosse', 'rond', 'e', 'soie', 'ndeg12']",24161U10,2201814,869
"['brosse', 'rond', 'e', 'soie', 'ndeg14']",24162U10,2201814,869
"['brosse', 'rond', 'e', 'soie', 'ndeg16']",24163U10,2201814,869
"['brosse', 'rond', 'e', 'soie', 'ndeg18']",24164U10,2201814,869
"['brosse', 'rond', 'e', 'soie', 'ndeg20']",24165U10,2201814,869
"['brosse', 'rond', 'e', 'soie', 'ndeg22']",24166U10,2201814,869
"['brosse', 'rond', 'e', 'soie', 'ndeg24']",24167U10,2201814,869
"['rouleau', 'peindre', 'mousse', '25mm']",22258U12,2201818,870
"['rouleau', 'peindre', 'mousse', '50mm']",56654U10,2201818,870
"['rouleau', 'peindre', 'mousse', '45mm']",68712U12,2201818,870
"['pot', '112', 'gramme', 'play-doh']",39291U24,2101404,878
"['cahier', '32page', 'polypropylene', '17x22cm', 'grandcarreau', '90g', 'bleu']",68238,1250214,972
"['cahier', '32page', 'polypropylene', '17x22cm', 'grandcarreau', '90g', 'rouge']",68239,1250214,972
"['cahier', '32page', 'polypropylene', '17x22cm', 'grandcarreau', '90g', 'vert']",68240,1250214,972
"['cahier', '32page', 'polypropylene', '17x22cm', 'grandcarreau', '90g', 'jaune']",68241,1250214,972
"['cahier', '32page', 'polypropylene', '17x22cm', 'rose']",5967,1250214,972
"['cahier', '32page', 'polypropylene', '17x22cm', 'violet']",2826,1250214,972
"['cahier', '32page', 'polypropylene', '17x22cm', 'orange']",2825,12+U167+1+128:200,972
"['cahier', '48page', 'polypropylene', '17x22cm', 'rouge']",68243,1250214,972
"['cahier', '48page', 'polypropylene', '17x22cm', 'bleu']",68242,1250214,972
"['cahier', '48page', 'polypropylene', '17x22cm', 'vert']",68244,1250214,972
"['cahier', '48page', 'polypropylene', '17x22cm', 'jaune']",68245,1250214,972
"['cahier', '48page', 'polypropylene', '17x22cm', 'rose']",14455,1250214,972
"['cahier', '48page', 'polypropylene', '17x22cm', 'violet']",72200,1250214,972
"['cahier', '48page', 'polypropylene', '17x22cm', 'orange']",72201,1250214,972
"['cahier', '48page', 'polypropylene', '17x22cm', 'grandcarreau', 'gri', 'perle']",79852,1250214,972
"['cahier', '48page', 'polypropylene', '17x22cm', 'grandcarreau', 'incolore']",79851,1250214,972
"['cahier', '64page', 'polypropylene', '17x22cm', 'grandcarreau', '90g', 'bleu']",68246,1250214,972
"['cahier', '64page', 'polypropylene', '17x22cm', 'grandcarreau', '90g', 'rouge']",68247,1250214,972
"['cahier', '64page', 'polypropylene', '17x22cm', 'grandcarreau', '90g', 'vert']",68248,1250214,972
"['cahier', '64page', 'polypropylene', '17x22cm', 'grandcarreau', '90g', 'jaune']",68249,1250214,972
"['cahier', '64page', 'polypropylene', '17x22cm', 'rose']",5979,1250214,972
"['cahier', '64page', 'polypropylene', '17x22cm', 'violet']",2828,1250214,972
"['cahier', '64page', 'polypropylene', '17x22cm', 'orange']",2827,1250214,972
"['cahier', '96page', 'polypropylene', '17x22cm', 'bleu']",68253,1250214,972
"['cahier', '96page', 'polypropylene', '17x22cm', 'grandcarreau', '90g', 'rouge']",68254,1250214,972
"['cahier', '96page', 'polypropylene', '17x22cm', 'grandcarreau', '90g', 'vert']",68255,1250214,972
"['cahier', '96page', 'polypropylene', '17x22cm', 'grandcarreau', '90g', 'jaune']",68256,1250214,972
"['cahier', '96page', 'polypropylene', '17x22cm', 'grandcarreau', 'rose']",14458,1250214,972
"['cahier', '96page', 'polypropylene', '17x22cm', 'grandcarreau', '90g', 'violet']",72198,1250214,972
"['cahier', '96page', 'polypropylene', '17x22cm', 'grandcarreau', '90g', 'orange']",72199,1250214,972
"['cahier', '96page', 'polypropylene', '17x22cm', 'grandcarreau', '90g', 'gri', 'perle']",79854,1250214,972
"['cahier', '96page', 'polypropylene', 'incolore', '17x22cm']",79853,1250214,972
"['cahier', '192page', 'polypropylene', 'incolore', '17x22cm']",89625,1250214,972
"['cahier', '48page', 'polypropylene', 'a4', '21x29,7cm', 'grandcarreau', '90g', 'bleu']",26969,1250218,972
"['cahier', '48page', 'polypropylene', 'a4', '21x29,7cm', 'grandcarreau', '90g', 'rouge']",26970,1250218,972
"['cahier', '48page', 'polypropylene', 'a4', '21x29,7cm', 'grandcarreau', '90g', 'vert']",26971,1250218,972
"['cahier', '48page', 'polypropylene', 'a4', '21x29,7cm', 'grandcarreau', '90g', 'jaune']",26972,1250218,972
"['cahier', '48page', 'polypropylene', 'a4', 'rose']",5980,1250218,972
"['cahier', '48page', 'polypropylene', 'a4', 'violet']",2830,1250218,972
"['cahier', '48page', 'polypropylene', 'a4', 'orange']",2829,1250218,972
"['cahier', '96page', 'polypropylene', 'a4', 'grandcarreau', '90g', 'bleu']",68257,1250218,972
"['cahier', '96page', 'polypropylene', 'a4', 'grandcarreau', '90g', 'rouge']",68258,1250218,972
"['cahier', '96page', 'polypropylene', 'a4', 'grandcarreau', '90g', 'vert']",68259,1250218,972
"['cahier', '96page', 'polypropylene', 'a4', 'grandcarreau', '90g', 'jaune']",68260,1250218,972
"['cahier', '96page', 'polypropylene', '21x29,7cm', 'rose']",14460,1250218,972
"['cahier', '96page', 'polypropylene', 'a4', 'grandcarreau', '90g', 'violet']",83202,1250218,972
"['cahier', '96page', 'polypropylene', 'a4', 'grandcarreau', '90g', 'orange']",83203,1250218,972
"['cahier', '96page', 'polypropylene', 'a4', 'grandcarreau', '90g', 'gri']",83204,1250218,972
"['cahier', '96page', 'polypropylene', 'a4', 'grandcarreau', '90g', 'incolore']",83205,1250218,972
"['cahier', '48page', 'polypropylene', '24x32cm', 'grandcarreau', 'bleu']",22134,1250222,972
"['cahier', '48page', 'polypropylene', '24x32cm', 'grandcarreau', '90g', 'rouge']",22135,1250222,972
"['cahier', '48page', 'polypropylene', '24x32cm', 'grandcarreau', '90g', 'vert']",22136,1250222,972
"['cahier', '48page', 'polypropylene', '24x32cm', 'grandcarreau', '90g', 'jaune']",22137,1250222,972
"['cahier', '48page', 'polypropylene', '24x32cm', 'grandcarreau', 'rose']",14465,1250222,972
"['cahier', '48page', 'polypropylene', '24x32cm', 'grandcarreau', '90g', 'violet']",30899,1250222,972
"['cahier', '48page', 'polypropylene', '24x32cm', 'grandcarreau', '90g', 'orange']",30900,1250222,972
"['cahier', '48page', 'polypropylene', '24x32cm', 'grandcarreau', '90g', 'gri']",30901,1250222,972
"['cahier', '48page', 'polypropylene', '24x32cm', 'grandcarreau', '90g', 'incolore']",30902,1250222,972
"['cahier', '96page', 'polypropylene', '24x32cm', 'grandcarreau', 'bleu']",68261,1250222,972
"['cahier', '96page', 'polypropylene', '24x32cm', 'grandcarreau', 'rouge']",68262,1250222,972
"['cahier', '96page', 'polypropylene', '24x32cm', 'grandcarreau', 'vert']",68263,1250222,972
"['cahier', '96page', 'polypropylene', '24x32cm', 'grandcarreau', 'jaune']",68264,1250222,972
"['cahier', '96page', 'polypropylene', '24x32cm', 'grandcarreau', 'rose']",14466,1250222,972
"['cahier', '96page', 'polypropylene', '24x32cm', 'grandcarreau', 'violet']",79855,1250222,972
"['cahier', '96page', 'polypropylene', '24x32cm', 'grandcarreau', 'orange']",79856,1250222,972
"['cahier', '96page', 'polypropylene', '24x32cm', 'grandcarreau', 'incolore']",79857,1250222,972
"['cahier', '96page', 'polypropylene', '24x32cm', 'gri', 'perle']",79858,1250222,972
"['cahier', '140page', 'polypropylene', '24x32cm', 'bleu']",26974,1250222,972
"['cahier', '140page', 'polypropylene', '24x32cm', 'rouge']",26975,1250222,972
"['cahier', '140page', 'polypropylene', '24x32cm', 'vert']",26976,1250222,972
"['cahier', '140page', 'polypropylene', '24x32cm', 'jaune']",26977,1250222,972
"['cahier', '140page', 'polypropylene', '24x32cm', 'incolore']",2831,1250222,972
"['cahier', '192page', 'polypropylene', '24x32cm', 'incolore']",89623,1250222,972
"['cahier', 'pique', '96page', '3', 'index', 'polypropylene', '17x22cm', 'grandcarreau']",9857,1250214,973
"['cahier', 'pique', '96page', '4', 'index', 'polypropylene', '17x22cm', 'grandcarreau']",9859,1250214,973
"['cahier', 'pique', '140page', '4', 'index', 'polypropylene', '17x22cm', 'grandcarreau']",9862,1250214,973
"['cahier', 'pique', '96page', '4', 'index', 'polypropylene', 'a4', 'grandcarreau']",9860,1250214,973
"['cahier', 'pique', '96page', '3', 'index', 'polypropylene', '24x32cm', 'grandcarreau']",9858,1250214,973
"['cahier', 'pique', '96page', '4', 'index', 'polypropylene', '24x32cm', 'grandcarreau']",9861,1250222,973
"['cahier', 'pique', '140page', '4', 'index', 'polypropylene', '24x32cm', 'grandcarreau']",9863,1250214,973
"['cahier', '96page', 'a4', 'petitcarreau', '90g', 'polypropylene', 'incolore']",81597,1250218,973
"['cahier', '48page', 'polypropylene', '24x32cm', 'petitcarreau', 'incolore']",28662,1250222,973
"['cahier', '96page', 'polypropylene', '24x32cm', 'petitcarreau', 'incolore']",81598,1250222,973
"['cahier', '96page', 'polypropylene', '24x32cm', 'petitcarreau', 'colori', 'bleu']",9121,1250222,973
"['cahier', '96page', 'polypropylene', '24x32cm', 'petitcarreau', 'colori', 'rouge']",9122,1250222,973
"['cahier', '96page', 'polypropylene', '24x32cm', 'petitcarreau', 'colori', 'vert']",9123,1250222,973
"['cahier', '96page', 'polypropylene', '24x32cm', 'petitcarreau', 'colori', 'jaune']",9124,1250222,973
"['cahier', 'travaux', 'pratique', 'cahier', '48page', '17x22cm', 'incolore']",85964,1250254,973
"['cahier', 'travaux', 'pratique', 'cahier', '64page', '17x22cm', 'colori', 'assorti']",72207,1250254,973
"['cahier', 'travaux', 'pratique', 'cahier', '96page', '21x29,7cm', 'colori', 'assorti']",72208,1250254,973
"['cahier', 'travaux', 'pratique', 'cahier', '48page', '24x32cm', 'incolore']",85965,1250254,973
"['cahier', 'travaux', 'pratique', 'cahier', '96page', '24x32cm', 'colori', 'assorti']",72209,1250254,973
"['cahier', 'dessin', '32page', '17x22cm', 'uni', '90g', 'polypropylene', 'incolore']",79860,1250256,974
"['cahier', 'dessin', '48page', '24x32cm', 'uni', '120g', 'polypropylene', 'incolore']",79861,1250256,974
"['cahier', 'dessin', '96page', '24x32cm', 'uni', '120g', 'polypropylene', 'incolore']",32544,1250256,974
"['cahier', '96page', 'polypropylene', '24x32cm', 'uni', '90g', 'colori', 'assorti']",63134,1250222,974
"['cahier', 'poesie', '48page', 'grandcarreau', '90g/uni', '90g', '17x22cm', 'incolore']",76307,1250254,974
"['cahier', 'poesie', '48page', 'grandcarreau', '90g/uni', '120g', '17x22cm', 'incolore']",89627,1250254,974
"['cahier', 'poesie', '48page', 'grandcarreau', '90g/uni', '120g', '21x29,7cm', 'incolore']",85963,1250254,974
"['cahier', 'poesie', '96page', 'grandcarreau', '90g/uni', '90g', '21x29,7cm', 'incolore']",79859,1250254,974
"['cahier', 'poesie', '48page', 'grandcarreau', '90g/uni', '90g', '24x32cm', 'incolore']",32543,1250254,974
"['cahier', '48page', 'polypropylene', '2', 'rabat', '17x22cm', 'grandcarreau', 'bleu']",16201,1250214,977
"['cahier', '48page', 'polypropylene', '2', 'rabat', '17x22cm', 'grandcarreau', 'rouge']",16202,1250214,977
"['cahier', '48page', 'polypropylene', '2', 'rabat', '17x22cm', 'grandcarreau', 'vert']",16203,1250214,977
"['cahier', '48page', 'polypropylene', '2', 'rabat', '17x22cm', 'grandcarreausjaune']",16204,1250214,977
"['cahier', '48page', 'polypropylene', '2', 'rabat', '17x22cm', 'grandcarreau', 'incolore']",16205,1250214,977
"['cahier', '96page', 'polypropylene', '2', 'rabat', '17x22cm', 'grandcarreau', 'bleu']",16206,1250214,977
"['cahier', '96page', 'polypropylene', '2', 'rabat', '17x22cm', 'grandcarreau', 'rouge']",16207,1250214,977
"['cahier', '96page', 'polypropylene', '2', 'rabat', '17x22cm', 'grandcarreau', 'vert']",16208,1250214,977
"['cahier', '96page', 'polypropylene', '2', 'rabat', '17x22cm', 'grandcarreausjaune']",16209,1250214,977
"['cahier', '96page', 'polypropylene', '2', 'rabat', '17x22cm', 'grandcarreau', 'incolore']",16210,1250214,977
"['cahier', '48page', 'polypropylene', '2', 'rabat', '24x32cm', 'grandcarreau', 'bleu']",16211,1250222,977
"['cahier', '48page', 'polypropylene', '2', 'rabat', '24x32cm', 'grandcarreau', 'rouge']",16212,1250222,977
"['cahier', '48page', 'polypropylene', '2', 'rabat', '24x32cm', 'grandcarreau', 'vert']",16213,1250222,977
"['cahier', '48page', 'polypropylene', '2', 'rabat', '24x32cm', 'grandcarreau', 'jaune']",16214,1250222,977
"['cahier', '48page', 'polypropylene', '2', 'rabat', '24x32cm', 'grandcarreau', 'incolore']",9897,1250222,977
"['cahier', '96page', 'polypropylene', '2', 'rabat', '24x32cm', 'grandcarreau', 'bleu']",16215,1250222,977
"['cahier', '96page', 'polypropylene', '2', 'rabat', '24x32cm', 'grandcarreau', 'rouge']",16216,1250222,977
"['cahier', '96page', 'polypropylene', '2', 'rabat', '24x32cm', 'grandcarreau', 'vert']",16217,1250222,977
"['cahier', '96page', 'polypropylene', '2', 'rabat', '24x32cm', 'grandcarreau', 'jaune']",16218,1250222,977
"['cahier', '96page', 'polypropylene', '2', 'rabat', '24x32cm', 'grandcarreau', 'incolore']",16219,1250222,977
"['cahier', '96page', 'polypropylene', '2', 'rabat', '24x32cm', 'petitcarreau', 'incolore']",2529,1250222,977
"['cahier', 'reliure', 'polypropylene', '100page', '17x22cm', 'grandcarreau']",14474,1250242,977
"['cahier', 'reliure', 'polypropylene', '100page', 'a4', 'grandcarreau']",14485,1250244,977
"['cahier', 'reliure', 'polypropylene', '180page', 'a4', 'grandcarreau']",14487,1250244,977
"['cahier', 'reliure', 'polypropylene', '100page', '17x22cm', 'petitcarreau']",64084,1250242,977
"['cahier', 'reliure', 'polypropylene', '100page', 'a4', 'petitcarreau']",64085,1250244,977
"['cahier', 'reliure', 'polypropylene', '180page', 'a4', 'petitcarreau']",64086,1250244,977
"['cahier', 'texte', 'reliure', '124page', '17x22cm']",47796,1250260,977
"['agenda', 'scolaire', '17x22cm', '80page']",53572,1253010,979
"['agenda', 'journalier', 'septembre', 'aout', '11,5x17cm', 'reliure']",72567,1253010,979
"['agenda', 'septembre', 'aout', '11,5x17cm', 'motif', '""planete""']",44280,1253010,979
"['cahier', 'maternelle', '32page', '17x22cm', '1page', 'lignee', 'traver', '18mm', '/1page', 'uni']",10644,1250204,981
"['cahier', 'maternelle', '32page', '17x22cm', 'double', 'ligne', '3mm', '/', 'uni']",10641,1250204,981
"['cahier', 'maternelle', '32page', '17x22cm', '1page', 'lignee', 'double', 'ligne', '4mm', '/', '1page', 'blanche']",10642,1250204,981
"['cahier', 'maternelle', '17x22cm', '32page', '1page', 'double', 'ligne', '5mm', '/', '1page', 'blanche']",10643,1250204,981
"['cahier', 'apprentissage', '32page', '17x22cm', 'double', 'ligne', '2mm', 'iv']",37994,1250206,981
"['cahier', 'apprentissage', '32page', '17x22cm', 'double', 'ligne', '3mm', 'iv']",10539,1250206,981
"['cahier', '32page', '17x22cm', 'reglure', 'secail', '2,5mm']",10541,1250206,981
"['cahier', 'apprentissage', '32page', '17x22cm', 'grandcarreau', '2,5mm']",35268,1250206,981
"['cahier', 'apprentissage', '32page', '17x22cm', 'grandcarreau', '3mm']",10540,1250206,981
"['cahier', 'apprentissage', '32page', '17x22cm', 'grandcarreau', '4mm']",35269,1250206,981
"['cahier', 'dessin', '16page', '17x22cm']",47802,1250256,983
"['cahier', 'dessin', '32page', '17x22cm']",39120,1250256,983
"['cahier', 'dessin', '16page', '24x32cm']",47804,1250256,983
"['cahier', 'dessin', '96page', '24x32cm']",22132,1250256,983
"['cahier', 'musique', 'chant', '21x29,7cm', '48page']",35331,1250262,983
"['cahier', 'musique', 'chant', '17x22cm', '48page']",35332,1250262,983
"['cahier', 'brouillon', '48page', '17x22cm']",22566U20,1250202,983
"['cahier', 'brouillon', '96page', '17x22cm']",22570U10,1250202,983
"['cahier', 'brouillon', '48page', '17x22cm', '100%', 'recycle']",03163U20,1250202,983
"['cahier', 'brouillon', '96page', '17x22cm', '100%', 'recycle']",03164U10,1250202,983
"['cahier', '32page', '17x22cm', 'grandcarreau']",27949,1250212,984
"['cahier', '48page', '17x22cm', 'grandcarreau']",27950,1250212,984
"['cahier', '60page', '17x22cm', 'grandcarreau']",27951,1250212,984
"['cahier', '96page', '17x22cm', 'grandcarreau']",27952,1250212,984
"['cahier', '140page', '17x22cm', 'grandcarreau']",27953,1250212,984
"['cahier', 'brochure', '192page', '17x22cm', 'grandcarreau']",47792,1250232,984
"['cahier', 'reliure', '100page', '17x22cm', 'grandcarreau']",10524,1250242,984
"['cahier', 'reliure', '180page', '17x22cm', 'grandcarreau']",10526,1250242,984
"['cahier', '96page', '17x22cm', 'petitcarreau']",10509,1250212,984
"['cahier', 'reliure', '100page', '17x22cm', 'petitcarreau']",10525,1250242,984
"['cahier', 'reliure', '180page', '17x22cm', 'petitcarreau']",10527,1250242,984
"['cahier', '48page', '21x29,7cm', 'grandcarreau']",4771,1250216,984
"['cahier', '96page', '21x29,7cm', 'grandcarreau']",27954,1250216,984
"['cahier', 'brochure', '192page', '21x29,7cm', 'grandcarreau']",47793,1250234,984
"['cahier', 'reliure', '100page', '21x29,7cm', 'grandcarreau']",10528,1250244,984
"['cahier', 'reliure', '180page', ',21x29,7cm', 'grandcarreau']",10530,1250244,984
"['cahier', '192page', '21x29,7cm', 'petitcarreau']",62415,1250216,984
"['cahier', 'reliure', '100page', '21x29,7cm', 'petitcarreau']",10529,1250244,984
"['cahier', 'reliure', '180page', '21x29,7cm', 'petitcarreau']",10531,1250244,984
"['cahier', '96page', 'petitcarreau', '21x29,7cm']",47788,1250216,984
"['cahier', '48page', '24x32cm', 'grandcarreau', 'cartonnee']",27955,1250220,985
"['cahier', '96page', '24x32cm', 'grandcarreau', 'cartonnee']",27956,1250220,985
"['cahier', '192page', '24x32cm', 'grandcarreau']",47865,1250220,985
"['cahier', 'reliure', '100page', '24x32cm', 'grandcarreau']",10582,1250246,985
"['cahier', 'reliure', '180page', '24x32cm', 'grandcarreau']",10532,1250246,985
"['cahier', 'brochure', '192page', '24x32cm', ',petitcarreau']",55637,1250236,985
"['cahier', 'travaux', 'pratique', 'cartonne', '32page', '22x17cm', 'italienne', 'uni', 'blanc']",46002,1250252,986
"['cahier', 'travaux', 'pratique', 'cartonne', '48page', '17x22cm']",47797,1250252,986
"['cahier', 'travaux', 'pratique', 'cartonne', '64page', '17x22cm']",47798,1250252,986
"['cahier', 'travaux', 'pratique', 'cartonne', '96page', '17x22cm']",47799,1250252,986
"['cahier', 'travaux', 'pratique', 'cartonne', '48page', 'a4']",47800,1250252,986
"['cahier', 'travaux', 'pratique', 'cartonne', '64page', 'a4']",68893,1250252,986
"['cahier', 'travaux', 'pratique', 'cartonne', '96page', 'a4']",47801,1250252,986
"['cahier', 'travaux', 'pratique', 'cartonne', '96page', '24x32cm']",47864,1250252,986
"['carnet', 'plastifie', '96page', '9x14cm', 'petitcarreau']",83200,1250402,987
"['carnet', 'plastifie', '96page', '11x17cm', 'petitcarreau']",83201,1250402,987
"['carnet', 'cartone', '96page', '11x17cm', 'grandcarreau']",56879,1250402,987
"['carnet', 'cartone', '96page', '9x14cm', 'petitcarreau']",10666,1250402,987
"['carnet', 'cartonee', '96page', '11x17cm', 'petitcarreau']",10667,1250402,987
"['carnet', 'reliure', '100page', '9x14cm', 'petitcarreau']",10670,1250406,987
"['carnet', 'reliure', '100page', '11x17cm', 'petitcarreau']",10673,1250406,987
"['repertoire', '96page', '11x17cm', 'grandcarreau']",24587,1250412,987
"['repertoire', '96page', '9x14cm', 'petitcarreau']",18129,1250412,987
"['repertoire', '96page', '11x17cm', 'petitcarreau']",47863,1250412,987
"['repertoire', '96page', '17x22cm', 'petitcarreau']",20200,1250412,987
"['repertoire', 'reliure', '180page', '11x17cm', 'petitcarreau']",18133,1250416,987
"['repertoire', 'reliure', '180page', '14,8x21cm', 'petitcarreau']",18134,1250416,987
"['protege-cahier', '17x22cm', 'transparent', 'incolore']",12459U10,1501402,989
"['protege-cahier', '21x29,7cm', 'transparent', 'incolore']",12460U10,1501410,989
"['protege-cahier', '24x32cm', 'transparent', 'incolore']",12461U10,1501420,989
"['protege-cahier', '17x22cm', 'bleu', 'clair']",12466U10,1501402,988
"['protege-cahier', '17x22cm', 'bleu']",12467U10,1501402,988
"['protege-cahier', '17x22cm', 'noir']",12468U10,1501402,988
"['protege-cahier', '17x22cm', 'rouge']",12469U10,1501402,988
"['protege-cahier', '17x22cm', 'vert']",12470U10,1501402,988
"['protege-cahier', '17x22cm', 'jaune']",12471U10,1501402,988
"['protege-cahier', '17x22cm', 'orange']",12472U10,1501402,988
"['protege-cahier', '17x22cm', 'rose']",12474U10,1501402,988
"['protege-cahier', '17x22cm', 'violet']",12473U10,1501402,988
"['protege-cahier', '17x22cm', 'bleu', 'clair']",12475U10,1501410,988
"['protege-cahier', '17x22cm', 'pvc', 'bleu']",12476U10,1501410,988
"['protege-cahier', '17x22cm', 'rouge']",12477U10,1501410,988
"['protege-cahier', '21x29,7cm', 'vert']",12478U10,1501410,988
"['protege-cahier', '21x29,7cm', 'jaune']",12479U10,1501410,988
"['protege-cahier', '21x29,7cm', 'orange']",12480U10,1501410,988
"['protege-cahier', '21x29,7cm', 'violet']",12481U10,1501410,988
"['protege-cahier', '24x32cm', 'bleu', 'clair']",12482U10,1501420,988
"['protege-cahier', '24x32cm', 'bleu']",12483U10,1501420,988
"['protege-cahier', '24x32cm', 'rouge']",12484U10,1501420,988
"['protege-cahier', '24x32cm', 'vert']",12488U10,1501420,988
"['protege-cahier', '24x32cm', 'jaune']",12485U10,1501420,988
"['protege-cahier', '24x32cm', 'orange']",12486U10,1501420,988
"['protege-cahier', '24x32cm', 'violet']",12487U10,1501420,988
"['protege-cahier', 'rabat', '17x22cm', 'bleu']",12462U10,1501402,988
"['protege-cahier', 'rabat', '17x22cm', 'rouge']",12463U10,1501402,988
"['protege-cahier', 'rabat', '17x22cm', 'vert']",12464U10,1501402,988
"['protege-cahier', 'rabat', '17x22cm', 'jaune']",12465U10,1501402,988
"['protege-cahier', 'rabat', '21x29,7cm', 'bleu']",02196U10,1501410,988
"['protege-cahier', 'rabat', '21x29,7cm', 'noir']",02201U10,1501410,988
"['protege-cahier', 'rabat', '21x29,7cm', 'rouge']",02197U10,1501410,988
"['protege-cahier', 'rabat', '21x29,7cm', 'vert']",02198U10,1501410,988
"['protege-cahier', 'rabat', '21x29,7cm', 'jaune']",02199U10,1501410,988
"['protege-cahier', 'rabat', '21x29,7cm', 'violet']",02200U10,1501410,988
"['protege-cahier', 'rabat', '24x32cm', 'bleu']",02202U10,1501420,988
"['protege-cahier', 'rabat', '24x32cm', 'noir']",02207U10,1501420,988
"['protege-cahier', 'rabat', '24x32cm', 'rouge']",02203U10,1501420,988
"['protege-cahier', 'rabat', '24x32cm', 'vert']",02204U10,1501420,988
"['protege-cahier', 'rabat', ',24x32cm', 'jaune']",02205U10,1501420,988
"['protege-cahier', 'rabat', '24x32cm', 'violet']",02206U10,1501420,988
"['rouleau', 'couvre-livre', '40cmx5,5m']",30816,1501202,990
"['kit', 'plio', 'handicap', 'international']",HANDI,1501204,HC
"['protege-document', 'a4', '20vue', 'bleu']",48654,1402010,992
"['protege-document', 'a4', '20vue', 'noir']",48653,1402010,992
"['protege-document', 'a4', '20vue', 'rouge']",70208,1402010,992
"['protege-document', 'a4', '20vue', 'vert']",70209,1402010,992
"['protege-document', 'a4', '40vue', 'bleu']",48656,1402010,992
"['protege-document', 'a4', '40vue', 'noir']",48655,1402010,992
"['protege-document', 'a4', '40vue', 'rouge']",70210,1402010,992
"['protege-document', 'a4', '40vue', 'vert']",70211,1402010,992
"['protege-document', 'a4', '60vue', 'bleu']",48658,1402010,992
"['protege-document', 'a4', '60vue', 'noir']",48657,1402010,992
"['protege-document', 'a4', '60vue', 'rouge']",70212,1402010,992
"['protege-document', 'a4', '60vue', 'vert']",70213,1402010,992
"['protege-document', 'a4', '80vue', 'bleu']",48660,1402010,992
"['protege-document', 'a4', '80vue', 'noir']",48659,1402010,992
"['protege-document', 'a4', '80vue', 'rouge']",70214,1402010,992
"['protege-document', 'a4', '80vue', 'vert']",70215,1402010,992
"['protege-document', 'a4', '100vue', 'bleu']",48662,1402010,992
"['protege-document', 'a4', '100vue', 'noir']",48661,1402010,992
"['protege-document', 'a4', '100vue', 'rouge']",70216,1402010,992
"['protege-document', 'a4', '100vue', 'vert']",70217,1402010,992
"['protege-document', 'a4', '120vue', 'bleu']",48664,1402010,992
"['protege-document', 'a4', '120vue', 'noir']",48663,1402010,992
"['protege-document', 'a4', '160vue', 'bleu']",48547,1402010,992
"['protege-document', 'a4', '160vue', 'noir']",50813,1402010,992
"['protege-document', 'a4', '200vue', 'bleu']",48548,1402010,992
"['protege-document', 'a4', '200vue', 'noir']",48543,1402010,992
"['protege-document', 'a4', '20vue']",83673U25,1402010,992
"['protege-document', 'a4', '40vue']",76146U30,1402010,992
"['protege-document', 'a4', '60vue']",76147U30,1402010,992
"['protege-document', 'a4', '80vue']",76148U30,1402010,992
"['protege-document', 'a4', '100vue']",76149U30,1402010,992
"['protege-document', 'a4', '120vue']",76150U20,1402010,992
"['protege-document', 'translucide', '40vue', 'jaune', 'orange']",9284,1402010,992
"['protege-document', 'translucide', '40vue', 'violet']",9285,1402010,992
"['protege-document', 'translucide', '60vue', 'jaune', 'orange']",9289,1402010,992
"['protege-document', 'translucide', '60vue', 'violet']",9290,1402010,992
"['protege-document', 'translucide', '80vue', 'jaune', 'orange']",9294,1402010,992
"['protege-document', 'translucide', '80vue', 'violet']",9295,1402010,992
"['protege-document', 'translucide', '160vue', 'translucide', 'colori', 'aleatoire']",02841U10,1402010,992
"['protege-document', 'translucide', '200vue', 'translucide', 'colori', 'aleatoire']",02842U05,1402010,992
"['protege-document', 'personnalisable', '40vue']",48754,1402010,993
"['protege-document', 'personnalisable', '60vue']",48755,1402010,993
"['protege-document', 'personnalisable', '80vue']",48756,1402010,993
"['protege-document', 'personnalisable', '100vue']",25380,1402010,993
"['protege-document', 'personnalisable', '40vue', 'incolore']",67269,1402010,992
"['protege-document', 'personnalisable', '80vue', 'incolore']",67272,1402010,992
"['protege-document', 'personnalisable', '120vue', 'incolore']",67274,1402010,992
"['protege-document', 'personnalisable', '120vue', 'colori', 'assorti']",53153,1402010,992
"['protege-document', 'personnalisable', '160vue', 'colori', 'assorti']",78463,1402010,B425
"['protege-document', 'personnalisable', '200vue', 'colori', 'assorti']",78466,1402010,B425
"['classeur', 'plastique', 'souple', '2', 'anneaux', '2cm', 'assorti', '17x22cm']",11162,1400220,994
"['classeur', 'rigide', 'cartonne', '2', 'anneaux', '4cm', '17x22cm']",72745,1400220,994
"['classeur', 'plastique', 'souple', 'a4', '2cm', 'blanc']",74802,1400232,994
"['classeur', 'plastique', 'souple', 'a4', '2cm', 'noir']",74803,1400232,994
"['classeur', 'plastique', 'souple', 'a4', '2cm', 'bleu', 'roi']",74804,1400232,994
"['classeur', 'plastique', 'souple', 'a4', '2cm', 'bleu', 'azur']",74805,1400232,994
"['classeur', 'plastique', 'souple', 'a4', '2cm', 'gri']",74806,1400232,994
"['classeur', 'plastique', 'souple', 'a4', '2cm', 'rouge']",74807,1400232,994
"['classeur', 'plastique', 'souple', 'a4', '2cm', 'vert', 'anglai']",74808,1400232,994
"['classeur', 'plastique', 'souple', 'a4', '2cm', 'vert', 'lagon']",74809,1400232,994
"['classeur', 'plastique', 'souple', 'a4', '2cm', 'jaune']",74810,1400232,994
"['classeur', 'plastique', 'souple', 'a4', '2cm', 'lila']",74811,1400232,994
"['classeur', 'plastique', 'souple', 'a4', '2cm', 'orange']",16959,1400232,994
"['classeur', 'plastique', 'souple', 'a4', '2cm', 'colori', 'assorti']",11163,1400232,994
"['classeur', 'transparent', 'plastique', 'souple', 'a4', '2cm', 'bleu']",9296,1400232,994
"['classeur', 'transparent', 'plastique', 'souple', 'a4', '2cm', 'vert']",9297,1400232,994
"['classeur', 'transparent', 'plastique', 'souple', 'a4', '2cm', 'rouge']",9298,1400232,994
"['classeur', 'transparent', 'plastique', 'souple', 'a4', '2cm', 'jaune', 'orange']",9299,1400232,994
"['classeur', 'transparent', 'plastique', 'souple', 'a4', '2cm', 'violet']",9300,1400232,994
"['classeur', 'plastifie', 'rigide', 'a4', '40cm', 'bleu']",48508,1400238,995
"['classeur', 'plastifie', 'rigide', 'a4', '40cm', 'noir']",48509,1400238,995
"['classeur', 'plastifie', 'rigidet', 'a4', '40cm', 'rouge']",48510,1400238,995
"['classeur', 'plastifie', 'rigide', 'a4', '40cm', 'vert']",48511,1400238,995
"['classeur', 'plastifie', 'rigide', 'a4', '40cm', 'jaune']",82897,1400238,995
"['classeur', 'plastifie', 'rigide', 'a4', '40cm', 'colori', 'assorti']",27545U20,1400238,995
"['classeur', 'plastique', 'semi-rigide', 'a4+', '4cm', 'bleu', 'clair']",68907,1400238,995
"['classeur', 'plastique', 'semi-rigide', 'a4+', '4cm', 'noir']",68908,1400238,995
"['classeur', 'plastique', 'semi-rigide', 'a4+', '4cm', 'rouge']",68909,1400238,995
"['classeur', 'plastique', 'semi-rigide', 'a4+', '4cm', 'vert', 'fonce']",68910,1400238,995
"['classeur', 'plastique', 'semi-rigide', 'a4+,do', '4cm', 'jaune']",68911,1400238,995
"['classeur', 'plastique', 'semi-rigide', 'a4+', '4cm', 'assorti']",27544U20,1400238,995
"['classeur', 'plastique', 'semi-rigide', 'a4+', '4cm', 'bleu']",9302,1400238,995
"['classeur', 'plastique', 'semi-rigide', 'a4+', '4cm', 'vert']",9304,1400238,995
"['classeur', 'plastique', 'semi-rigide', 'a4+', '4cm', 'rouge']",9305,1400238,995
"['classeur', 'enplastique', 'semi-rigide', 'a4+', '4cm', 'jaune', 'orange']",9306,1400238,995
"['classeur', 'plastique', 'semi-rigide', 'a4+', '4cm', 'violet']",9308,1400238,995
"['classeur', 'personnalisable', 'plastique', 'blanc', '2cm', '21x29,7cm']",39675,1400260,996
"['classeur', 'levier', 'blanc', 'personnalisable', '7cm', '21x29,7cm']",66925,1400260,996
"['classeur', 'fichier', '2', 'anneaux', '4cm', '14,8x21cm']",13646,1400252,996
"['classeur', 'levier', 'carton', 'gri', '5cm']",64139,1400202,996
"['classeur', 'levier', 'carton', 'gri', '7cm']",64140,1400202,996
"['classeur', 'levier', '5cm', 'bleu', 'clair']",27962,1400204,997
"['classeur', 'levier', '5cm', 'bleu']",20818,1400204,997
"['classeur', 'levier', '5cm', 'noir']",20819,1400204,997
"['classeur', 'levier', '5cm', 'rouge']",20820,1400204,997
"['classeur', 'levier', '5cm', 'vert', 'clair']",27963,1400204,997
"['classeur', 'levier', '5cm', 'vert']",20821,1400204,997
"['classeur', 'levier', '5cm', 'jaune']",20822,1400204,997
"['classeur', 'levier', '5cm', 'lila']",27961,1400204,997
"['classeur', 'levier', '5cm', 'blanc']",20817,1400204,997
"['classeur', 'levier', '5cm', 'gri']",30907,1400204,997
"['classeur', 'levier', '8cm', 'bleu', 'clair']",20823,1400206,997
"['classeur', 'levier', '8cm', 'bleu']",64199,1400206,997
"['classeur', 'levier', '8cm', 'noir']",64200,1400206,997
"['classeur', 'levier', '8cm', 'rouge']",64201,1400206,997
"['classeur', 'levier', '8cm', 'vert']",20824,1400206,997
"['classeur', 'levier', '8cm', 'vert']",64202,1400206,997
"['classeur', 'levier', '8cm', 'jaune']",64203,1400206,997
"['classeur', 'levier', '8cm', 'orange']",20826,1400206,997
"['classeur', 'levier', '8cm', 'lila']",20825,1400206,997
"['classeur', 'levier', '8cm', 'blanc']",62290,1400206,997
"['classeur', 'levier', '8cm', 'framboise']",25975,1400206,997
"['classeur', 'levier', '8cm', 'gri']",25976,1400206,997
"['sachet', '50', 'copiesimple', '100page', '17x22cm', 'grandcarreau']",13517,1400406,998
"['etui', '100', 'copiesimple', '200page', '17x22cm', 'grandcarreau']",13540,1400406,998
"['sachet', '50', 'copiesimple', '100page', '17x22cm', 'grandcarreau', 'bleu']",14101,1400406,998
"['sachet', '50', 'copiesimple', '100page', '17x22cm', 'grandcarreau', 'vert']",13520,1400406,998
"['sachet', '50', 'copiesimple', '100page', '17x22cm', 'grandcarreau', 'jaune']",13521,1400406,998
"['sachet', '50', 'copiesimple', '100page', '17x22cm', 'grandcarreau', 'rose']",13522,1400406,998
"['sachet', '50', 'copiesimple', '100page', '21x29,7cm', 'grandcarreau']",47808,1400404,998
"['sachet', '200', 'copiesimple', '400page', 'a4', 'grandcarreau']",25050,1400404,998
"['sachet', '50', 'copiesimple', '100page', '21x29,7cm', 'grandcarreau', 'bleu']",13529,1400404,998
"['sachet', '50', 'copiesimple', '100page', '21x29,7cm', 'grandcarreau', 'vert']",13530,1400404,998
"['sachet', '50', 'copiesimple', '100page', '21x29,7cm', 'grandcarreau', 'jaune']",13531,1400404,998
"['sachet', '50', 'copiesimple', '100page', '21x29,7cm', 'grandcarreau', 'rose']",13532,1400404,998
"['etui', '100', 'copiesimple', '200page', '21x29,7cm', 'grandcarreau', 'colori', 'assorti']",27946,1400404,998
"['sachet', '50', 'copiesimple', 'dessin', '100page', '21x29,7cm', 'uni', 'blanc']",31630,1400404,998
"['sachet', '50', 'copiesimple', 'a4', 'petitcarreau']",13534,1400404,998
"['sachet', '50', 'copiedouble', '200page', '17x22cm', 'grandcarreau']",47809,1400412,999
"['sachet', '50', 'copiedouble', '200page', '21x29,7cm', 'grandcarreau']",47810,1400414,999
"['sachet', '100', 'copiedouble', '400page', 'a4', 'grandcarreau']",25051,1400414,999
"['sachet', '50', 'copiedouble', '200page', 'perforee', '21x29,7cm', 'petitcarreau']",11500,1400414,999
"['bloc', 'cour', '200page', 'perforee', 'a4', 'papier', 'grandcarreau']",82047,1400402,999
"['paquet', '25', 'pochette', 'perforee', '17x22cm']",58082,1400804,1001
"['sachet', '50', 'pochette', 'perforee', 'a4']",58700,1400802,1000
"['sachet', '100', 'pochette', 'perforee', 'a4']",43028,1400802,1000
"['sachet', '50', 'pochette', 'perforee', 'epaisse', 'a4']",64159,1400802,1000
"['boite', '100', 'pochette', 'perforee', 'epaisse', 'a4']",22809,1400802,1000
"['jeu', '6', 'intercalaire', 'cartonne', '17x22cm']",35271,1400620,1002
"['jeu', '6', 'intercalaire', 'cartonne', 'a4']",11256,1400602,1002
"['jeu', '8', 'intercalaire', 'cartonne', 'a4']",35360,1400602,1002
"['jeu', '12', 'intercalaire', 'cartonne', 'a4']",11262,1400602,1002
"['jeu', '6', 'intercalaire', 'cartonne', 'a4+']",33146,1400606,1002
"['jeu', '12', 'intercalairescartonne', 'a4+']",33147,1400606,1002
"['jeu', '6', 'intercalaire', 'plastique', 'a4']",54339,1400604,1002
"['jeu', '8', 'intercalaire', 'plastique', 'a4']",27534,1400604,1002
"['jeu', '12', 'intercalaire', 'plastique', 'a4']",54338,1400604,1002
"['intercalaire', '6', 'position', 'plastique', 'a4+']",54340,1400608,1002
"['intercalaire', '12', 'position', 'plastique', 'a4+']",54341,1400608,1002
"['blister', '160', 'oeillet', 'adhesif']",13336,1400420,1003
"['paquet', '100', 'fiche', 'bristol', 'non', 'perforee', 'blanc', 'uni', '14,8x21cm']",64234,1401020,1003
"['boite', '100', 'fiche', 'bristol', 'perforee', 'blanc', 'petitcarreau', '12,5x20cm']",13633,1401024,1003
"['etui', '100', 'fiche', 'bristol', 'perforee', 'blanc', 'petitcarreau', '14,8x21cm']",13634,1401024,B439
"['paquet', '50', 'fiche', 'bristol', 'perforee', 'blanc', 'petitcarreau', '17x22cm']",32054,1401024,1003
"['etui', '100', 'fiche', 'bristol', 'perforee', 'couleur', 'assortie', 'petitcarreau', '10x15cm']",13637,1401024,B439
"['boite', '100', 'fiche', 'bristol', 'perforee', 'couleur', 'assortie', 'petitcarreau', '12,5x20cm']",13638,1401024,B439
"['boite', '100', 'fiche', 'bristol', 'perforee', '205g', 'couleur', 'assortie', 'petitcarreau', '14,8x21cm']",37194,1401024,B439
"['paquet', '10', 'pochette', 'cartonnee', 'colori', 'assorti']",34529,14+612:62402406,1005
"['pochette', '3', 'rabat', 'elastique', 'plastique', 'bleu']",42025,1402428,1006
"['pochette', '3', 'rabat', 'elastique', 'plastique', 'rouge']",42026,1402428,1006
"['pochette', '3', 'rabat', 'elastique', 'plastique', 'vert']",42027,1402428,1006
"['pochette', '3', 'rabat', 'elastique', 'plastique', 'noir']",42028,1402428,1006
"['pochette', '3', 'rabat', 'elastique', 'plastique', 'jaune']",55906,1402428,1006
"['pochette', '3', 'rabat', 'elastique', 'plastique', 'violet']",74849,1402428,1006
"['pochette', '3', 'rabat', 'elastique', 'plastique', 'bordeaux']",74850,1402428,1006
"['pochette', '3', 'rabat', 'elastique', 'plastique', 'gri', 'clair']",74851,1402428,1006
"['pochette', '3', 'rabat', 'elastique', 'plastique', 'coloriassorti']",76136U50,1402428,1006
"['pochette', 'personnalisable', '3', 'rabat', 'elastique', 'incolore']",67276,1402428,1006
"['pochette', 'personnalisable', '3', 'rabat', 'elastique', 'colori', 'assorti']",51042,1402428,1006
"['pochette', '3', 'rabat', 'elastique', 'carton', '17x22cm']",42751,1402426,1006
"['pochette', '3', 'rabat', 'elastique', 'cartonnee', 'bleu']",63036,1402426,1007
"['pochette', '3', 'rabat', 'elastique', 'cartonnee', 'bleu', 'fonce']",70456,1402426,1007
"['pochette', '3', 'rabat', 'elastique', 'cartonnee', 'rouge']",63038,1402426,1007
"['pochette', '3', 'rabat', 'elastique', 'cartonnee', 'orange']",63040,1402426,1007
"['pochette', '3', 'rabat', 'elastique', 'cartonnee', 'jaune']",63044,1402426,1007
"['pochette', '3', 'rabat', 'elastique', 'cartonnee', 'beige']",33334,1402426,1007
"['pochette', '3', 'rabat', 'elastique', 'cartonnee', 'vert']",63039,1402426,1007
"['pochette', '3', 'rabat', 'elastique', 'cartonnee', 'vert', 'pastel']",63046,1402426,1007
"['pochette', '3', 'rabat', 'elastique', 'cartonnee', 'rose']",33335,1402426,1007
"['pochette', '3', 'rabat', 'elastique', 'cartonnee', 'prune']",63042,1402426,1007
"['pochette', '3', 'rabat', 'elastique', 'cartonnee', 'bleu', 'clair']",63043,1402426,1007
"['pochette', '3', 'rabat', 'elastique', 'cartonnee', 'gri']",70457,1402426,1007
"['pochette', '3', 'rabat', 'elastique', 'cartonnee', 'noir']",63037,1402426,1007
"['pochette', '3', 'rabat', 'elastique', 'cartonnee', 'assorti']",76123U50,1402426,1007
"['pochette', '3', 'rabat', 'elastique', 'cartonnee', 'violet']",29692,1402426,1007
"['paquet', '5', 'pochette', '3', 'rabat', 'elastique', 'cartonnee', 'colori', 'pastel', 'assorti']",6872,1402426,1007
"['paquet', '5', 'pochette', '3', 'rabat', 'elastique', 'cartonnee', 'colori', 'frai', 'assorti']",6873,1402426,1007
"['pochette', 'san', 'rabat', 'elastique', '24x32cm', 'bleu']",4800,1402422,1008
"['pochette', 'san', 'rabat', 'elastique', '24x32cm', 'rouge']",4801,1402422,1008
"['pochette', 'san', 'rabat', 'elastique', '24x32cm', 'vert']",4802,1402422,1008
"['pochette', 'san', 'rabat', 'elastique', '24x32cm', 'jaune']",4803,1402422,1008
"['pochette', 'san', 'rabat', 'elastique', '24x32cm', 'orange']",4804,1402422,1008
"['boite', 'classement', 'carte', 'grainee', '4cm', 'noir']",49027,1405202,B417
"['boite', 'classement', 'carte', 'grainee', '4cm', 'bleu']",49028,1405202,B417
"['enveloppe', 'polypropylene', 'incolore', 'a4']",29514U05,1402442,1009
"['trieur', 'carte', 'lustree', 'elastique', '6', 'compartiment']",48392,1406014,1010
"['trieur', 'carte', 'lustree', 'elastique', '12', 'compartiment']",48394,1406014,1010
"['trieur', 'polypropylene', 'color', 'fresh', '6', 'compartiment', '3', 'rabat', '+', 'elastique', 'colori', 'assorti']",39182,1406014,1010
"['trieur', 'polypropylene', 'color', 'fresh', '8', 'compartiment', '3', 'rabat', '+', 'elastique', 'colori', 'assorti']",3400,1406014,1010
"['trieur', 'polypropylene', 'color', 'fresh', '12', 'compartiment', '3', 'rabat', '+', 'elastique', 'colori', 'assorti']",3406,1406014,1010
"['trieur', 'polypropylene', '3', 'rabat', 'elastique', '8', 'compartiment', 'noir']",4752,1406014,1010
"['trieur', 'polypropylene', '3', 'rabat', 'elastique', '12', 'compartiment', 'noir']",4753,1406014,1010
"['sachet', '10', 'pochette', 'coin', 'polypropylene', 'a4', 'incolore']",64150,1402210,1012
"['sachet', '10', 'pochette', 'coin', 'polypropylene', 'a4', 'assorti']",39179,1402212,1012
"['dictionnaire', 'larousse', 'francai', '/anglai', 'college']",4588,2500208,1013
"['dictionnaire', 'larousse', 'francai', '/allemand', 'college']",4589,2500208,1013
"['dictionnaire', 'larousse', 'francai', '/espagnol', 'college']",4590,2500208,1013
"['dictionnaire', 'poche', 'francai', '/', 'anglai', 'hachette']",4714,2500208,1014
"['dictionnaire', 'poche', 'francai', '/', 'allemand', 'hachette', '&', 'langenscheidt']",4715,2500208,1014
"['dictionnaire', 'poche', 'francai', '/', 'espagnol', 'hachette', '&', 'vox']",4716,2500208,1014
"['dictionnaire', 'larousse', 'debutant', 'cp/ce']",12797,2500208,1013
"['dictionnaire', 'larousse', 'maxi', 'debutant', 'ce1-ce2-cm1-cm2']",12796,2500208,1013
"['dictionnaire', 'super', 'major', 'cm1']",33701,2500208,1013
"['dictionnaire', 'larousse', 'du', 'college']",82115,2500208,1013
"['dictionnaire', 'larousse', 'poche', '2022']",71931,2500208,1013
"['dictionnaire', 'le', 'petit', 'larousse', 'illustre', '2022']",12787,2500208,1013
"['dictionnaire', 'le', 'robert', 'junior', 'du']",47422,2500208,1013
"['bescherelle', 'conjugaison', 'tou']",12793,2500206,1014
"['bescherelle', 'orthographe', 'tou']",12794,2500206,1014
"['bescherelle', 'grammaire', 'tou']",12795,2500206,1014
"['bescherelle', 'le', 'vocabulaire', 'tou']",26733,2500206,1014
"['calculatrice', 'poche', '10', 'chiffre']",21843,1800402,1014
"['calculatrice', 'poche', 'texa', 'ti-106ii']",24492,1800412,1015
"['calculatrice', 'scientifique', 'texa', 'instrument', 'ti-college', 'plu', 'solaire']",23159U30,1800412,B666
"['calculatrice', 'scientifique', 'casio', 'fx92', 'speciale', 'college']",73034,1800412,B666
"['calculatrice', 'graphique', 'casio', 'graph', '90+', 'e']",37367,1800416,B666
"['crayon', 'easygraph', 'droitier']",14553,1300202,1017
"['crayon', 'easygraph', 'gaucher']",14552,1300202,1017
"['boite', '12', 'crayon', 'triangulaire', 'graphite', 'hb', 'groove', 'slim']",76494U12,1300202,1017
"['crayon', 'graphite', 'majuscule', 'hb']",78567U12,1300202,1018
"['crayon', 'graphite', 'majuscule', '2b']",78571U12,1300202,1018
"['crayon', 'graphite', 'majuscule', 'b']",78570U12,1300202,1018
"['crayon', 'graphite', 'majuscule', 'h']",78569U12,1300202,1018
"['crayon', 'graphite', 'majuscule', '2h']",78568U12,1300202,1018
"['crayon', 'graphite', 'hb', 'bout', 'gomme', 'majuscule']",79009U12,1300202,1018
"['crayon', 'evolution', 'hb']",11685U12,1302002,1018
"['crayon', 'graphite', 'hexagonal', 'boi', 'naturel', 'verni', 'hb']",84062U12,1300202,1018
"['etui', '12', 'mine', 'graphite', '0,5mm', 'hb']",67647,1300208,1018
"['etui', '12', 'mine', 'graphite', '0,7mm', 'hb']",67648,1300208,1018
"['etui', '12', 'mine', 'graphite', 'hi-polymer', 'super', 'diametre', '0,5mm', 'b']",3211,1300208,B347
"['etui', '12', 'mine', 'graphite', 'hi-polymer', 'super', 'diametre', '0,5mm', 'hb']",3212,1300208,B347
"['etui', '12', 'mine', 'graphite', 'hi-polymer', 'super', 'diametre', '0,5mm', '2h']",3214,1300208,B347
"['etui', '12', 'mine', 'graphite', 'hi-polymer', 'super', 'diametre', '0,7mm', 'hb']",3222,1300208,B347
"['porte', 'mine', 'rechargeable', '0,5mm']",58552,1300206,B347
"['porte', 'mine', 'rechargeable', '0,7mm']",58553,1300206,B347
"['porte-mine', 'jetable', 'bic', 'matic', 'grip', '0,7mm']",78660U12,1300204,1019
"['porte-mine', 'jetable', 'bic', 'matic', 'ecolution', '0,7mm']",78556U50,1300204,1019
"['porte-mine', 'jetable', 'matic', '0,5mm', 'hb']",35454U12,1302204,1019
"['porte-mine', 'jetable', 'matic', 'original', '0,7mm', 'hb']",78661U12,1300204,1019
"['stylo', 'bic', 'cristal', 'pointe', 'fine', 'bleu']",12608,1301002,1020
"['stylo', 'bic', 'cristal', 'pointe', 'fine', 'noir']",12609,1301002,1020
"['stylo', 'bic', 'cristal', 'pointe', 'fine', 'rouge']",12610,1301002,1020
"['stylo', 'bic', 'cristal', 'pointe', 'fine', 'vert']",12611,1301002,1020
"['stylo', 'bic', 'softgrip', 'bleu']",21910,1301004,1020
"['stylo', 'bic', 'softgrip', 'noir']",21911,1301004,1020
"['stylo', 'bic', 'softgrip', 'rouge']",21912,1301004,1020
"['stylo', 'bic', 'softgrip', 'vert']",21913,1301004,1020
"['stylo', 'bic', 'inkjoy100', 'pointe', 'fine', 'bleu']",27294,1301002,1020
"['stylo', 'bic', 'inkjoy100', 'pointe', 'fine', 'noir']",27295,1301002,1020
"['stylo', 'bic', 'cristal', 'pointe', 'moyenne', 'bleu']",10,1301002,1020
"['stylo', 'bic', 'cristal', 'pointe', 'moyenne', 'noir']",11,1301002,1020
"['stylo', 'bic', 'cristal', 'pointe', 'moyenne', 'rouge']",12,1301002,1020
"['stylo', 'bic', 'cristal', 'pointe', 'moyenne', 'vert']",13,1301002,1020
"['stylo', 'bic', 'softgrip', 'bleu']",74689,1301004,1021
"['stylo', 'bic', 'softgrip', 'noir']",74690,1301004,1021
"['stylo', 'bic', 'softgrip', 'rouge']",74691,1301004,1021
"['stylo', 'bic', 'softgrip', 'vert']",74692,1301004,1021
"['stylo', 'bic', 'papermate', 'inkjoy', '100', 'bleu']",84857,1301002,1021
"['stylo', 'bic', 'papermate', 'inkjoy', '100', 'noir']",84858,1301002,1021
"['stylo', 'bic', 'papermate', 'inkjoy', '100', 'rouge']",84859,1301002,1021
"['stylo', 'bic', 'papermate', 'inkjoy', '100', 'vert']",84860,1301002,1021
"['stylo', 'bic', 'slider', 'edge', 'xb', 'bleu']",21787,1301004,1021
"['stylo', 'bic', 'slider', 'edge', 'xb', 'noir']",21788,1301004,1021
"['stylo', 'bic', 'slider', 'edge', 'xb', 'rouge']",21789,1301004,1021
"['stylo', 'bic', 'slider', 'edge', 'xb', 'vert']",21790,1301004,1021
"['stylo', 'bic', '4', 'colour', 'pointe', 'fine']",40,1301006,1023
"['stylo', 'bic', '4', 'colour', 'pointe', 'moyenne']",34466,1301006,1023
"['stylo', 'bic', '4', 'colour', 'fun']",80440,1301006,1023
"['feutre', 'effacable', 'frixion', 'pointe', 'fine', 'bleu']",9655,1301030,1025
"['feutre', 'effacable', 'frixion', 'pointe', 'fine', 'noir']",9656,1301030,1025
"['feutre', 'effacable', 'frixion', 'pointe', 'fine', 'rouge']",9657,1301030,1025
"['feutre', 'effacable', 'frixion', 'pointe', 'fine', 'vert']",9658,1301030,1025
"['etui', '3', 'recharge', 'stylo', 'frixion', 'pointe', 'fine', 'bleu']",3529,1301050,1025
"['etui', '3', 'recharge', 'stylo', 'frixion', 'pointe', 'fine', 'noir']",3530,1301050,1025
"['etui', '3', 'recharge', 'stylo', 'frixion', 'pointe', 'fine', 'rouge']",3531,1301050,1025
"['etui', '3', 'recharge', 'stylo', 'frixion', 'pointe', 'fine', 'vert']",3532,1301050,1025
"['feutre', 'effacable', 'frixion', 'ball', 'pointe', 'moyenne', 'bleu']",65383,1301030,1025
"['feutre', 'effacable', 'frixion', 'ball', 'pointe', 'moyenne', 'noir']",65384,1301030,1025
"['feutre', 'effacable', 'frixion', 'ball', 'pointe', 'moyenne', 'rouge']",65385,1301030,1025
"['feutre', 'effacable', 'frixion', 'ball', 'pointe', 'moyenne', 'vert']",65386,1301030,1025
"['pochette', '4', 'roller', 'effacable', 'frixion', 'ball', 'pointe', 'moyenne', 'assorti']",26309,1301030,1025
"['etui', '3', 'recharge', 'stylo', 'frixionpointe', 'moyenne', 'bleu']",74676,1301050,1025
"['etui', '3', 'recharge', 'stylo', 'frixion', 'pointe', 'moyenne', 'noir']",74677,1301050,1025
"['etui', '3', 'recharge', 'stylo', 'frixion', 'pointe', 'moyenne', 'rouge']",74678,1301050,1025
"['etui', '3', 'recharge', 'stylo', 'frixion', 'pointe', 'moyenne', 'vert']",74680,1301050,1025
"['set', '6', 'recharge', 'frixion', 'pointe', 'moyenne', 'bleu']",64021,1301050,1025
"['set', '6', 'recharge', 'frixionpointe', 'moyenne', 'noir']",64022,1301050,1025
"['set', '6', 'recharge', 'frixion', 'pointe', 'moyenne', 'assorti']",64023,1301050,1025
"['porte', 'plume', 'dessin', 'atome']",3110,1300402,1028
"['boite', '12', 'plume', 'dessin', 'atome']",17521,1300402,1028
"['effaceur', 'reecriveur', '2', 'pointe', 'fine', 'magic', '+']",2300,1303050,1029
"['stylo', 'plume', 'school', 'writer']",27511,1300406,1029
"['roller', 'cartouche', 'encre', 'easy', 'pointe', 'moyenne']",24876,1301414,1029
"['stylo', 'roller', 'cartouche', 'smiley']",27509,1301414,1029
"['etui', '6', 'cartouche', 'internationale', 'bleu']",34653,1300412,1029
"['sachet', '50', 'cartouche', 'encre', 'courte', 'internationale', 'bleu']",37884,1300412,1029
"['etui', '6', 'cartouche', 'internationale', 'encre', 'noire']",12911,1300412,1029
"['etui', '6', 'cartouche', 'internationale', 'encre', 'rouge']",12912,1300412,1029
"['feutre', 'stabilo', 'point', '88', 'pointe', 'fine', 'bleu']",20794,1301403,1030
"['feutre', 'stabilo', 'point', '88', 'pointe', 'fine', 'noir']",20795,1301403,1030
"['pochette', '15', 'feutre', 'stabilo', 'point88', 'pointe', 'fine', 'assorti']",34851,1301403,1030
"['stylo', 'feutre', 'pointe', 'fine', 'baguee', 'bleu']",67670,1301403,1030
"['stylo', 'feutre', 'pointe', 'fine', 'baguee', 'noir']",67671,1301403,1030
"['stylo', 'feutre', 'pointe', 'fine', 'baguee', 'rouge']",67672,1301403,1030
"['stylo', 'feutre', 'pointe', 'fine', 'baguee', 'vert']",67673,1301403,1030
"['stylo', 'feutre', 'flair', 'bleu']",1520,1301408,1031
"['stylo', 'feutre', 'flair', 'noir']",1521,1301408,1031
"['feutre', 'visa', '880', 'bleu']",89697,1301408,1031
"['feutre', 'visa', '880', 'noir']",89698,1301408,1031
"['feutre', 'visa', '880', 'rouge']",89699,1301408,1031
"['marqueur', 'permanent', 'inelebile', 'pointe', 'ogive', '1', '3mm', 'bleu']",63003,1302002,1033
"['marqueur', 'permanent', 'pointe', 'ogive', '1', '3mm', 'noir']",63004,1302002,1033
"['marqueur', 'permanent', 'pointe', 'ogive', '1', '3mm', 'rouge']",63005,1302002,1033
"['marqueur', 'permanent', 'pointe', 'ogive', '1', '3mm', 'vert']",63006,1302002,1033
"['pochette', '4', 'marqueur', 'permanent', 'indelebile', 't', 'pointe', 'ogive', '1', '3mm', 'assorti']",63012,1302002,1033
"['feutre', 'lumocolor', 'permanent', '0,4mm', 'noir']",63951,1802820,B339
"['pochette', '4', 'feutre', 'lumocolor', 'permanent', '0,6mm', 'assorti']",66779,1802820,B339
"['feutre', 'effacable', 'sec', 'pointe', 'fine', 'bleu']",1260,1302010,1035
"['feutre', 'effacable', 'sec', 'pointe', 'fine', 'noir']",1261,1302010,1035
"['feutre', 'effacable', 'sec', 'pointe', 'fine', 'rouge']",1262,1302010,1035
"['feutre', 'effacable', 'sec', 'pointe', 'fine', 'vert']",1263,1302010,1035
"['pochette', '4', 'feutre', 'effacable', 'sec', 'pointe', 'fine']",15005,1302010,1035
"['pochette', '8', 'feutre', 'effacable', 'sec', 'pointe', 'fine']",15014,1302010,1035
"['feutre', 'tableau', 'blanc', 'pointe', 'fine', 'ogive', 'bleu']",22668,1302010,1035
"['feutre', 'tableau', 'blanc', 'pointe', 'fine', 'ogive', 'noir']",22669,1302010,1035
"['feutre', 'tableau', 'blanc', 'pointe', 'fine', 'ogive', 'rouge']",22670,1302010,1035
"['feutre', 'tableau', 'blanc', 'pointe', 'fine', 'ogive', 'vert']",22671,1302010,1035
"['etui', '4', 'feutre', 'tableau', 'blanc', 'pointe', 'fine', 'ogive', 'assorti']",22672,1302010,1035
"['feutre', 'tableau', 'blanc', 'pointe', 'moyenne', 'ogive', 'bleu']",22674,1302010,1036
"['feutre', 'tableau', 'blanc', 'pointe', 'moyenne', 'ogive', 'noir']",22675,1302010,1036
"['feutre', 'tableau', 'blanc', 'pointe', 'moyenne', 'ogive', 'rouge']",22676,1302010,1036
"['feutre', 'tableau', 'blanc', 'pointe', 'moyenne', 'ogive', 'vert']",22677,1302010,1036
"['etui', '4', 'feutre', 'tableau', 'blanc', 'pointe', 'moyenne', 'ogive', 'assorti']",22678,1302010,1036
"['etui', '6', 'feutre', 'tableau', 'blanc', 'pointe', 'moyenne', 'ogive', 'assorti']",36021,1302010,1036
"['marqueur', 'effacable', 'sec', 'velleda', 'pointe', 'moyenne', 'ogive', 'bleu']",1280,1302010,1036
"['marqueur', 'effacable', 'sec', 'velleda', 'pointe', 'moyenne', 'ogive', 'noir']",1281,1302010,1036
"['marqueur', 'effacable', 'sec', 'velleda', 'pointe', 'moyenne', 'ogive', 'rouge']",1282,1302010,1036
"['marqueur', 'effacable', 'sec', 'velleda', 'pointe', 'moyenne', 'ogive', 'vert']",1283,1302010,1036
"['pochette', '4', 'marqueur', 'effacable', 'sec', 'velleda', 'pointe', 'moyenne', '2mm', 'assorti']",15029,1302010,1036
"['pochette', '6', 'marqueur', 'effacable', 'sec', 'velleda', 'pointe', 'moyenne', '2mm', 'assorti']",15030,1302010,1036
"['pochette', '8', 'marqueur', 'effacable', 'sec', 'velleda', 'pointe', 'moyenne', '2mm', 'assorti']",15031,1302010,1036
"['marqueur', 'tableau', 'velleda', '1701', 'bleu']",3063,1302010,1039
"['marqueur', 'tableau', 'velleda', '1701', 'noir']",3064,1302010,1039
"['marqueur', 'tableau', 'velleda', '1701', 'rouge']",3065,1302010,1039
"['marqueur', 'tableau', 'velleda', '1701', 'vert']",3066,1302010,1039
"['etui', '4', 'marqueur', 'tableau', 'velleda', '1701', 'assorti']",3067,1302010,1039
"['pochette', '4', 'marqueur', 'tableau', 'blanc', 'velleda', '1711', 'effacable', 'sec', 'pointe', 'ogive', 'assorti']",15004,1302010,1039
"['marqueur', 'tableau', 'blanc', 'velleda', '1711', 'effacable', 'sec', 'pointe', 'ogive', 'bleu']",15021,1302010,1039
"['marqueur', 'tableau', 'blanc', 'velleda', '1711', 'effacable', 'sec', 'pointe', 'ogive', 'noir']",15022,1302010,1039
"['marqueur', 'tableau', 'blanc', 'velleda', '1711', 'effacable', 'sec', 'pointe', 'ogive', 'rouge']",15023,1302010,1039
"['marqueur', 'tableau', 'blanc', 'velleda', '1711', 'effacable', 'sec', 'pointe', 'ogive', 'vert']",15024,1302010,1039
"['stabilo', 'large', 'jaune']",64132,1302204,1042
"['stabilo', 'large', 'vert']",64133,1302204,1042
"['stabilo', 'large', 'rose']",64134,1302204,1042
"['stabilo', 'large', 'bleu']",64135,1302204,1042
"['stabilo', 'large', 'orange']",64136,1302204,1042
"['stabilo', 'large', 'rouge']",82336,1302204,1042
"['pochette', '4', 'stabilo', 'large', 'assorti']",70487,1302204,1042
"['pochette', '6', 'stabilo', 'large', 'assorti']",82340,1302204,1042
"['pochette', '8', 'stabilo', 'large', 'assorti']",82341,1302204,1042
"['stabilo', 'stabilo', 'bos', 'jaune']",1423,1302204,1043
"['stabilo', 'stabilo', 'bos', 'rose']",1425,1302204,1043
"['stabilo', 'stabilo', 'bos', 'bleu']",1420,1302204,B344
"['stabilo', 'stabilo', 'bos', 'vert']",1422,1302204,B344
"['stabilo', 'stabilo', 'bos', 'orange']",1424,1302204,B344
"['pochette', '4', 'stabilo', 'stabilo', 'bos', 'encre', 'universelle', 'fluorescente', 'assorti', 'jaune', 'rose', 'vert', 'o']",36667,1302204,1043
"['stabilo', 'poche', 'jaune']",59292,1302202,1043
"['stabilo', 'poche', 'vert']",59293,1302202,1043
"['stabilo', 'poche', 'rose']",59294,1302202,1043
"['stabilo', 'poche', 'bleu']",59295,1302202,1043
"['stabilo', 'poche', 'orange']",59296,1302202,1043
"['pochette', '6', 'stabilo', 'poche', 'assorti']",59652,1302202,1043
"['stabilo', 'highlighter', 'grip', 'jaune']",33290,1302202,1043
"['stabilo', 'highlighter', 'grip', 'rose']",33291,1302202,1043
"['stabilo', 'highlighter', 'grip', 'vert']",33292,1302202,1043
"['stabilo', 'highlighter', 'grip', 'orange']",33293,1302202,1043
"['pochette', '5', 'stabilo', 'highlighter', 'grip', 'assorti']",33294,1302202,1043
"['trousse', 'rond', 'assorti']",68436,1304002,1044
"['trousse', 'plat', 'assorti']",68437,1304002,1044
"['trousse', 'double', 'plateau', 'rouge']",15221,1304002,1044
"['correcteur', 'mini', 'mouse', '5mmx6m']",44244,1303022,1044
"['correcteur', 'frontal', 'jetable', '5mmx8m']",34848,1303022,1045
"['correcteur', 'tippexeasy', 'refill', '5mmx14m']",77883,1303022,1045
"['recharge', 'correcteur', 'tippex']",78564,1303022,1045
"['taille-crayon', 'metal', '1', 'usage']",7510,1502018,1046
"['taille-crayon', 'metal', '2', 'usage']",7520,1502018,1046
"['taille', 'crayon', 'plastique', '1', 'usage', 'reserve']",24864,1502018,1046
"['taille-crayon', 'metal', 'reserve', '2', 'usage']",72236,1502018,1046
"['taille-crayon', 'plastique', 'reserve', '2', 'usage']",7550,1502018,1046
"['taille', 'crayon', 'ergo', 'buro', '2', 'usage', 'metal', '+', 'reserve']",26034,1502018,B348
"['taille', 'crayon', 'galactic', '1', 'usage', 'reserve']",65980,1502018,B348
"['taille', 'crayon', 'bulbo', '1', 'usage', 'reserve']",11969,1502018,1046
"['taille', 'crayon', ""color'pep"", '2', 'usage']",4490,1502018,1046
"['gomme', 'plastique']",35329,1303004,1047
"['gomme', 'plastique', 'technic', '600', 'green']",22700,1303004,1047
"['gomme', 'mar', 'plastique']",2130,1303004,1047
"['gomme', 'bicolore', 'encre', '/', 'crayon']",35346U40,1303008,1047
"['gomme', 'blanche', 'architecte']",55788,1303008,B348
"['gomme', 'blanche', 'ovalyne', 'sou', 'blister']",77073,1303008,B348
"['gomme', 'crayon']",35345U40,1303008,1047
"['ciseaux', 'bout', 'rond', '13cm', 'droitier']",35325,1502002,1048
"['ciseaux', 'bout', 'rond', '13cm', 'gaucher']",48225,1502002,1048
"['ciseaux', 'majuscule', 'droitier', '13cm']",21536,1502002,1048
"['ciseaux', 'majuscule', 'gaucher', '13cm']",21537,1502002,1048
"['ciseaux', 'bout', 'rond', '13cm']",32758,1502002,1048
"['ciseaux', 'bout', 'rond', '16cm']",59936,1502002,1049
"['ciseaux', '17cm', 'bout', 'pointu', 'soft', 'blue']",59666,1502004,1049
"['ciseaux', '21cm', 'bout', 'pointu', 'soft', 'blue']",59667,1502004,1049
"['ciseaux', 'ambidextre', 'anneaux', 'plastique', 'bout', 'pointu', '17cm']",64189,1502004,1049
"['ciseaux', 'universel', 'first', 'anneaux', 'symetrique', 'plastique', 'bout', 'pointu', '17cm']",62697,1502004,B381
"['ciseaux', 'universel', 'first', 'anneaux', 'asymetrique', 'plastique', 'bout', 'pointu', '21cm']",62698,1502004,B381
"['compa', 'scolaire', 'bague']",34581,1502245,1051
"['compa', 'scolaire', 'maped', 'essential']",59940,1502245,1051
"['compa', 'bague', '+', 'crayon', 'maped', 'study']",58084,1502245,1051
"['coffret', 'compa', 'bague', 'csystem', 'innovation', 'maped']",11971,1502245,1051
"['compa', 'bague', 'maped', 'stop', 'and', 'safe', 'plastique']",27135,1502245,1051
"['compa', 'basique']",76620,1502245,1051
"['blister', '12', 'mine', 'compa', '+', '1', 'taille-mine']",70086,1502245,1051
"['compa', 'mine', 'maped', 'stop', 'system']",60825,1502245,1051
"['compa', 'mine', 'rechargeable']",34580,1502245,1051
"['coffret', 'compa', 'scolaire', 'metal']",83083,1502245,1051
"['compa', 'mine', 'maped', 'metal', 'open']",MAP369000,1502245,1051
"['compa', 'metal', 'maped', 'coffret', 'origin']",MAP121651,1502245,HC
"['compa', 'technique']",11490,1502242,B385
"['coffret', 'compa', '+', '4', 'accessoire']",82914,1502242,B385
"['regle', 'plate', 'plastique', '20cm']",79842,1502202,1052
"['regle', 'plate', 'cristal', '30cm']",78324,1502202,1052
"['double', 'decimetre', 'plastique', 'cristal']",79846,1502205,1052
"['triple', 'decimetre', 'plastique', 'cristal']",81580,1502205,1052
"['equerre', 'cristal', '45deg', '21cm']",79843,1502215,1052
"['equerre', 'plastique', '60deg', '16cm']",79844,1502215,1052
"['equerre', 'plastique', '60deg', '21cm']",79845,1502215,1052
"['equerre', 'geometrique', '16cm']",54097,1502215,1052
"['rapporteur', 'cristal', '180deg']",79847,1502225,1052
"['rapporteur', 'cristal', '360deg']",3954,1502225,1052
"['set', '4', 'article', 'tracage', 'economique']",77882,1502205,1052
"['regle', 'plate', '20cm', 'incassable', 'maped', 'study']",39098,1502205,1053
"['regle', 'plate', 'incassable', '30cm', 'maped', 'study']",72528,1502205,1053
"['double', 'decimetre', 'incassable', 'maped', 'study']",72526,1502205,1053
"['triple', 'decimetre', 'incassable', 'maped', 'study']",72527,1502205,1053
"['equerre', 'plastique', 'incassable', '21cm', '45deg', 'maped', 'study']",79822,1502215,1053
"['equerre', 'plastique', 'incassable', '20cm', '60deg', 'maped', 'study']",79821,1502215,1053
"['rapporteur', 'incassable', '12cm', '180deg', 'maped', 'study']",80139,1502225,1053
"['set', '4', 'article', 'tracage', 'incassable', 'maped', 'study']",44046,1502205,1053
"['regle', 'plate', '20cm', 'incassable']",7914,1502205,1053
"['regle', 'plate', '30cm', 'incassable']",7892,1502205,1053
"['double', 'decimetre', 'incassable']",7890,1502205,1053
"['equerre', '60', 'degre', '21cm', 'incassable']",86535,1502215,1053
"['rapporteur', '180', 'degre', 'incassable']",7895,1502225,1053
"['set', '4', 'piece', 'tracage', 'incassable']",7889,1502205,1053
"['regle', 'equerre', '20cm']",6342,1502202,1053
"['regle', 'equerre', '17cm']",27429,1502202,1053
"['rapporteur', 'geometrie', '360deg']",3952,1502225,1053
"['regle', 'equerre', '2', '1', '20cm', 'maped']",6035,1502202,1053
"['reglet', 'inox2', 'face', '30cm']",50048,1502230,1054
"['set', '3', 'article', 'tracage', 'aluminium']",39282,1502205,1054
"['symbole', 'tactique', 'otan']",18998,1502220,B384
"['trace', 'cercle', 'pair', 'impair', '1', '30mm']",32913,1502220,B384
"['ardoise', 'noir', 'cadre', 'boi', '1', 'face', 'e1', '1', 'face', 'uni']",10170,1600404,1057
"['pochette', 'douze', 'crayon', 'ardoise']",12562,1600414,1057
"['epongette', 'ardoise']",13280,1600416,1057
"['ardoise', 'effacable', 'sec', '1', 'face', 'uni', '/', '1', 'face', 'grandcarreau']",68250,1600402,1059
"['ardoise', 'effacable', 'sec', '1', 'une', 'face', 'unie', 'une', 'face', 'grandcarreau', '+', 'crayon', '+', 'effaceur']",67587,1600402,HC
"['ardoise', 'effacable', 'sec', '1', 'face', 'unie', '1', 'face', 'e', 'petitcarreau']",51135,1600402,1059
"['ardoise', 'effacable', 'sec', 'maped', '1', 'cote', 'uni', '1', 'cote', 'grandcarreau', 'incassable']",4495,1600402,1059
"['chiffon', 'microfibre', '20x20cm']",7950,1600206,1058
"['tube', '30', 'ml', 'colle', 'gel', 'universelle']",74840,1500812,1064
"['tube', '30', 'ml', 'colle', 'universelle', 'transparente', 'liquide']",11440,1500812,1064
"['baton', 'colle', '8g']",71966,1500810,1067
"['baton', 'colle', '25g']",71967,1500810,1067
"['baton', 'colle', '36g']",71968,1500810,1067
"['baton', 'colle', '8g', 'cleostick']",33317,1500810,1066
"['baton', 'colle', '21g', 'cleostick']",33318,1500810,1066
"['baton', 'colle', '36g', 'cleostick']",33319,1500810,1066
"['baton', 'colle', 'scotch', '8g']",79576U05,1500810,1067
"['baton', 'colle', 'scotch', '21g']",26378U05,1500810,1067
"['lot', '5', 'baton', 'colle', '""scotch""', '8g']",79576,1500810,1067
"['lot', '5', 'baton', 'colle', 'scotch', '21g']",26378,1500810,1067
"['baton', 'colle', 'petit', 'modele', 'uhu', '8,2g']",11462,1500810,1067
"['baton', 'colle', 'grand', 'modele', 'uhu', '21g']",11463,1500810,1067
"['baton', 'colle', 'geant', 'uhu', '40g']",11464,1500810,1067
"['scotch', 'invisible', '19mmx33m']",67954,1501004,1073
"['scotch', 'transparent', '19mmx33m']",61331,1501002,1073
"['ramette', '500feuille', 'papier', 'blanc', '80g', 'a4']",58431,1100208,1079
"['ecouteur', 'stereo', 'jack']",2982,1905024,1135
"['casque', 'micro', 'jack']",78841,1905024,B598
"['casque', 'micro', 'usb']",26932,1905024,B598
"['ecouteur', 'filaire', 'jack', 'noir', '+', 'micro']",16298,1905024,B598
"['boite', '20', 'etiquette', 'blanche', '56x36cm', 'mm']",31865,1501422,1086
"['pochette', '210', 'etiquette', 'blanche', '36x56cm', 'mm']",13334,1501422,1086
"['porte-bloc', 'cristal', '21x29,7cm']",49381,1251216,1090
"['porte-bloc', 'plastique', 'a4+']",38568,1251216,1090
"['bloc', 'bureau', '100feuille', '60g', 'a6', 'petitcarreau']",63205,1251202,1092
"['bloc', 'bureau', '100feuille', '60g', 'a5', 'petitcarreau']",63206,1251202,1092
"['bloc', 'bureau', '100feuille', '60g', 'a4', 'petitcarreau']",63207,1251202,1092
"['bloc', 'steno', 'reliure', '180page', 'a5', 'uni', '60g']",73685,1251212,1092
"['perforateur', '1', 'trou']",16575,1500602,1099
"['agrafeuse', 'poche', 'mini', '24/6', '26/6']",68017,1500202,1099
"['boite', '1000', 'agrafe', '24/6']",10104,1500214,1099
"['boite', '1000', 'agrafe', '26/6']",70368,1500214,1099
"['cle', 'usb', '4', 'go']",72821,1901414,1132
"['cle', 'usb', '8', 'go']",72822,1901414,1132
"['cle', 'usb', '16', 'go']",75283,1901414,1132
"['cle', 'usb', '32', 'go']",20319,1901414,1132
"['cadena', 'cle', '40mm']",24113,2001416,1141
"['cadena', 'cle', '30mm']",61723,2001416,1141
"['cadena', 'metal', 'combinaison', '3', 'chiffre']",40315,2001416,B517
"['savon', '500ml']",61770,2001012,B061
"['gel', 'hydroalcoolique', '100ml']",28646,2001012,B061
"['paquet', '60', 'lingette', 'antibacterienne']",9040,2001012,1143
"['boite', '100', 'mouchoir']",78756,2001010,1144
"['lot', '2', 'rouleaux', 'essuie', 'tout']",78757,2001007,1144
